-- Created 8th Nov 2016 by HellBlazer

-- make production cards for melee units apply to anti cav units too
INSERT INTO PolicyModifiers (PolicyType, ModifierId) VALUES ('POLICY_AGOGE', 'AGOGE_ANCIENT_ANTI_CAV_PRODUCTION');
INSERT INTO Modifiers (ModifierId, ModifierType) VALUES ('AGOGE_ANCIENT_ANTI_CAV_PRODUCTION', 'MODIFIER_PLAYER_CITIES_ADJUST_UNIT_TAG_ERA_PRODUCTION');
INSERT INTO ModifierArguments (ModifierId, Name, Type, Value, Extra) VALUES ('AGOGE_ANCIENT_ANTI_CAV_PRODUCTION', 'Amount', 'ARGTYPE_IDENTITY', '50', '-1');
INSERT INTO ModifierArguments (ModifierId, Name, Type, Value, Extra) VALUES ('AGOGE_ANCIENT_ANTI_CAV_PRODUCTION', 'EraType', 'ARGTYPE_IDENTITY', 'ERA_ANCIENT', '-1');
INSERT INTO ModifierArguments (ModifierId, Name, Type, Value, Extra) VALUES ('AGOGE_ANCIENT_ANTI_CAV_PRODUCTION', 'UnitPromotionClass', 'ARGTYPE_IDENTITY', 'PROMOTION_CLASS_ANTI_CAVALRY', '-1');

INSERT INTO PolicyModifiers (PolicyType, ModifierId) VALUES ('POLICY_AGOGE', 'AGOGE_CLASSICAL_ANTI_CAV_PRODUCTION');
INSERT INTO Modifiers (ModifierId, ModifierType) VALUES ('AGOGE_CLASSICAL_ANTI_CAV_PRODUCTION', 'MODIFIER_PLAYER_CITIES_ADJUST_UNIT_TAG_ERA_PRODUCTION');
INSERT INTO ModifierArguments (ModifierId, Name, Type, Value, Extra) VALUES ('AGOGE_CLASSICAL_ANTI_CAV_PRODUCTION', 'Amount', 'ARGTYPE_IDENTITY', '50', '-1');
INSERT INTO ModifierArguments (ModifierId, Name, Type, Value, Extra) VALUES ('AGOGE_CLASSICAL_ANTI_CAV_PRODUCTION', 'EraType', 'ARGTYPE_IDENTITY', 'ERA_CLASSICAL', '-1');
INSERT INTO ModifierArguments (ModifierId, Name, Type, Value, Extra) VALUES ('AGOGE_CLASSICAL_ANTI_CAV_PRODUCTION', 'UnitPromotionClass', 'ARGTYPE_IDENTITY', 'PROMOTION_CLASS_ANTI_CAVALRY', '-1');

INSERT INTO PolicyModifiers (PolicyType, ModifierId) VALUES ('POLICY_FEUDAL_CONTRACT', 'FEUDALCONTRACT_MEDIEVAL_ANTI_CAV_PRODUCTION');
INSERT INTO Modifiers (ModifierId, ModifierType) VALUES ('FEUDALCONTRACT_MEDIEVAL_ANTI_CAV_PRODUCTION', 'MODIFIER_PLAYER_CITIES_ADJUST_UNIT_TAG_ERA_PRODUCTION');
INSERT INTO ModifierArguments (ModifierId, Name, Type, Value, Extra) VALUES ('FEUDALCONTRACT_MEDIEVAL_ANTI_CAV_PRODUCTION', 'Amount', 'ARGTYPE_IDENTITY', '50', '-1');
INSERT INTO ModifierArguments (ModifierId, Name, Type, Value, Extra) VALUES ('FEUDALCONTRACT_MEDIEVAL_ANTI_CAV_PRODUCTION', 'EraType', 'ARGTYPE_IDENTITY', 'ERA_MEDIEVAL', '-1');
INSERT INTO ModifierArguments (ModifierId, Name, Type, Value, Extra) VALUES ('FEUDALCONTRACT_MEDIEVAL_ANTI_CAV_PRODUCTION', 'UnitPromotionClass', 'ARGTYPE_IDENTITY', 'PROMOTION_CLASS_ANTI_CAVALRY', '-1');

INSERT INTO PolicyModifiers (PolicyType, ModifierId) VALUES ('POLICY_FEUDAL_CONTRACT', 'FEUDALCONTRACT_RENAISSANCE_ANTI_CAV_PRODUCTION');
INSERT INTO Modifiers (ModifierId, ModifierType) VALUES ('FEUDALCONTRACT_RENAISSANCE_ANTI_CAV_PRODUCTION', 'MODIFIER_PLAYER_CITIES_ADJUST_UNIT_TAG_ERA_PRODUCTION');
INSERT INTO ModifierArguments (ModifierId, Name, Type, Value, Extra) VALUES ('FEUDALCONTRACT_RENAISSANCE_ANTI_CAV_PRODUCTION', 'Amount', 'ARGTYPE_IDENTITY', '50', '-1');
INSERT INTO ModifierArguments (ModifierId, Name, Type, Value, Extra) VALUES ('FEUDALCONTRACT_RENAISSANCE_ANTI_CAV_PRODUCTION', 'EraType', 'ARGTYPE_IDENTITY', 'ERA_RENAISSANCE', '-1');
INSERT INTO ModifierArguments (ModifierId, Name, Type, Value, Extra) VALUES ('FEUDALCONTRACT_RENAISSANCE_ANTI_CAV_PRODUCTION', 'UnitPromotionClass', 'ARGTYPE_IDENTITY', 'PROMOTION_CLASS_ANTI_CAVALRY', '-1');

INSERT INTO PolicyModifiers (PolicyType, ModifierId) VALUES ('POLICY_GRANDE_ARMEE', 'GRANDEARMEE_INDUSTRIAL_ANTI_CAV_PRODUCTION');
INSERT INTO Modifiers (ModifierId, ModifierType) VALUES ('GRANDEARMEE_INDUSTRIAL_ANTI_CAV_PRODUCTION', 'MODIFIER_PLAYER_CITIES_ADJUST_UNIT_TAG_ERA_PRODUCTION');
INSERT INTO ModifierArguments (ModifierId, Name, Type, Value, Extra) VALUES ('GRANDEARMEE_INDUSTRIAL_ANTI_CAV_PRODUCTION', 'Amount', 'ARGTYPE_IDENTITY', '50', '-1');
INSERT INTO ModifierArguments (ModifierId, Name, Type, Value, Extra) VALUES ('GRANDEARMEE_INDUSTRIAL_ANTI_CAV_PRODUCTION', 'EraType', 'ARGTYPE_IDENTITY', 'ERA_INDUSTRIAL', '-1');
INSERT INTO ModifierArguments (ModifierId, Name, Type, Value, Extra) VALUES ('GRANDEARMEE_INDUSTRIAL_ANTI_CAV_PRODUCTION', 'UnitPromotionClass', 'ARGTYPE_IDENTITY', 'PROMOTION_CLASS_ANTI_CAVALRY', '-1');

INSERT INTO PolicyModifiers (PolicyType, ModifierId) VALUES ('POLICY_GRANDE_ARMEE', 'GRANDEARMEE_MODERN_ANTI_CAV_PRODUCTION');
INSERT INTO Modifiers (ModifierId, ModifierType) VALUES ('GRANDEARMEE_MODERN_ANTI_CAV_PRODUCTION', 'MODIFIER_PLAYER_CITIES_ADJUST_UNIT_TAG_ERA_PRODUCTION');
INSERT INTO ModifierArguments (ModifierId, Name, Type, Value, Extra) VALUES ('GRANDEARMEE_MODERN_ANTI_CAV_PRODUCTION', 'Amount', 'ARGTYPE_IDENTITY', '50', '-1');
INSERT INTO ModifierArguments (ModifierId, Name, Type, Value, Extra) VALUES ('GRANDEARMEE_MODERN_ANTI_CAV_PRODUCTION', 'EraType', 'ARGTYPE_IDENTITY', 'ERA_MODERN', '-1');
INSERT INTO ModifierArguments (ModifierId, Name, Type, Value, Extra) VALUES ('GRANDEARMEE_MODERN_ANTI_CAV_PRODUCTION', 'UnitPromotionClass', 'ARGTYPE_IDENTITY', 'PROMOTION_CLASS_ANTI_CAVALRY', '-1');


INSERT INTO PolicyModifiers (PolicyType, ModifierId) VALUES ('POLICY_MILITARY_FIRST', 'MILITARYFIRST_ATOMIC_ANTI_CAV_PRODUCTION');
INSERT INTO Modifiers (ModifierId, ModifierType) VALUES ('MILITARYFIRST_ATOMIC_ANTI_CAV_PRODUCTION', 'MODIFIER_PLAYER_CITIES_ADJUST_UNIT_TAG_ERA_PRODUCTION');
INSERT INTO ModifierArguments (ModifierId, Name, Type, Value, Extra) VALUES ('MILITARYFIRST_ATOMIC_ANTI_CAV_PRODUCTION', 'Amount', 'ARGTYPE_IDENTITY', '50', '-1');
INSERT INTO ModifierArguments (ModifierId, Name, Type, Value, Extra) VALUES ('MILITARYFIRST_ATOMIC_ANTI_CAV_PRODUCTION', 'EraType', 'ARGTYPE_IDENTITY', 'ERA_ATOMIC', '-1');
INSERT INTO ModifierArguments (ModifierId, Name, Type, Value, Extra) VALUES ('MILITARYFIRST_ATOMIC_ANTI_CAV_PRODUCTION', 'UnitPromotionClass', 'ARGTYPE_IDENTITY', 'PROMOTION_CLASS_ANTI_CAVALRY', '-1');

INSERT INTO PolicyModifiers (PolicyType, ModifierId) VALUES ('POLICY_MILITARY_FIRST', 'MILITARYFIRST_INFORMATION_ANTI_CAV_PRODUCTION');
INSERT INTO Modifiers (ModifierId, ModifierType) VALUES ('MILITARYFIRST_INFORMATION_ANTI_CAV_PRODUCTION', 'MODIFIER_PLAYER_CITIES_ADJUST_UNIT_TAG_ERA_PRODUCTION');
INSERT INTO ModifierArguments (ModifierId, Name, Type, Value, Extra) VALUES ('MILITARYFIRST_INFORMATION_ANTI_CAV_PRODUCTION', 'Amount', 'ARGTYPE_IDENTITY', '50', '-1');
INSERT INTO ModifierArguments (ModifierId, Name, Type, Value, Extra) VALUES ('MILITARYFIRST_INFORMATION_ANTI_CAV_PRODUCTION', 'EraType', 'ARGTYPE_IDENTITY', 'ERA_INFORMATION', '-1');
INSERT INTO ModifierArguments (ModifierId, Name, Type, Value, Extra) VALUES ('MILITARYFIRST_INFORMATION_ANTI_CAV_PRODUCTION', 'UnitPromotionClass', 'ARGTYPE_IDENTITY', 'PROMOTION_CLASS_ANTI_CAVALRY', '-1');

--make rationalism give 100% to campus district
--INSERT INTO PolicyModifiers (PolicyType, ModifierId) VALUES ('POLICY_RATIONALISM', 'RATIONALISM_DOUBLECAMPUS');

--INSERT INTO Modifiers (ModifierId, ModifierType) VALUES ('RATIONALISM_DOUBLECAMPUS', 'MODIFIER_PLAYER_CITIES_ADJUST_CITY_YIELD_MODIFIER'); 
-- MODIFIER_PLAYER_DISTRICTS_ADJUST_YIELD_CHANGE
-- MODIFIER_PLAYER_DISTRICTS_ADJUST_YIELD_MODIFIER
-- MODIFIER_PLAYER_CITIES_ADJUST_CITY_YIELD_PER_DISTRICT
-- MODIFIER_PLAYER_CITIES_ADJUST_BUILDING_YIELD_MODIFIER

--INSERT INTO ModifierArguments (ModifierId, Name, Value) VALUES ('RATIONALISM_DOUBLECAMPUS', 'Amount', '50');
--INSERT INTO ModifierArguments (ModifierId, Name, Type, Value) VALUES ('RATIONALISM_DOUBLECAMPUS', 'DistrictType', 'ARGTYPE_IDENTITY', 'DISTRICT_CAMPUS');
--INSERT INTO ModifierArguments (ModifierId, Name, Value) VALUES ('RATIONALISM_DOUBLECAMPUS', 'YieldType', 'YIELD_SCIENCE');