-- Food on plains and grass
insert into DistrictModifiers  Values ("DISTRICT_CITY_CENTER",  "DISTRICT_CITY_CENTER_YIELD_BONUS_FIELD_FOOD");

insert into Modifiers VALUES("DISTRICT_CITY_CENTER_YIELD_BONUS_FIELD_FOOD",	"MODIFIER_PLAYER_DISTRICT_ADJUST_YIELD_CHANGE",	0	,0,	NULL, 'DISTRICT_CITY_CENTER_YIELD_BONUS_FIELD_FOOD_REQUIREMENT_SET');
insert into ModifierArguments VALUES("DISTRICT_CITY_CENTER_YIELD_BONUS_FIELD_FOOD", "YieldType", "ARGTYPE_IDENTITY", "YIELD_FOOD", null);
insert into ModifierArguments VALUES("DISTRICT_CITY_CENTER_YIELD_BONUS_FIELD_FOOD", "Amount", "ARGTYPE_IDENTITY", 1, null);

insert into RequirementSets VALUES("DISTRICT_CITY_CENTER_YIELD_BONUS_FIELD_FOOD_REQUIREMENT_SET","REQUIREMENTSET_TEST_ANY");
insert into RequirementSetRequirements VALUES("DISTRICT_CITY_CENTER_YIELD_BONUS_FIELD_FOOD_REQUIREMENT_SET","REQUIRES_PLOT_HAS_GRASS");
insert into RequirementSetRequirements VALUES("DISTRICT_CITY_CENTER_YIELD_BONUS_FIELD_FOOD_REQUIREMENT_SET","REQUIRES_PLOT_HAS_PLAINS");

insert into Requirements VALUES("REQUIRES_PLOT_HAS_GRASS","REQUIREMENT_PLOT_TERRAIN_TYPE_MATCHES","0","0","0");
insert into RequirementArguments VALUES("REQUIRES_PLOT_HAS_GRASS","TerrainType","ARGTYPE_IDENTITY","TERRAIN_GRASS",null);
insert into Requirements VALUES("REQUIRES_PLOT_HAS_PLAINS","REQUIREMENT_PLOT_TERRAIN_TYPE_MATCHES","0","0","0");
insert into RequirementArguments VALUES("REQUIRES_PLOT_HAS_PLAINS","TerrainType","ARGTYPE_IDENTITY","TERRAIN_PLAINS",null);


-- Production on all hills
insert into DistrictModifiers  Values ("DISTRICT_CITY_CENTER",  "DISTRICT_CITY_CENTER_YIELD_BONUS_HILL_PRODUCTION");

insert into Modifiers VALUES("DISTRICT_CITY_CENTER_YIELD_BONUS_HILL_PRODUCTION",	"MODIFIER_PLAYER_DISTRICT_ADJUST_YIELD_CHANGE",	0	,0,	NULL, "DISTRICT_CITY_CENTER_YIELD_BONUS_HILL_PRODUCTION_REQUIREMENT_SET");
insert into ModifierArguments VALUES("DISTRICT_CITY_CENTER_YIELD_BONUS_HILL_PRODUCTION", "YieldType", "ARGTYPE_IDENTITY", "YIELD_PRODUCTION", NULL);
insert into ModifierArguments VALUES("DISTRICT_CITY_CENTER_YIELD_BONUS_HILL_PRODUCTION", "Amount", "ARGTYPE_IDENTITY", 1, null);

insert into RequirementSets VALUES("DISTRICT_CITY_CENTER_YIELD_BONUS_HILL_PRODUCTION_REQUIREMENT_SET","REQUIREMENTSET_TEST_ANY");
insert into RequirementSetRequirements VALUES("DISTRICT_CITY_CENTER_YIELD_BONUS_HILL_PRODUCTION_REQUIREMENT_SET","REQUIRES_PLOT_HAS_GRASS_HILLS");
insert into RequirementSetRequirements VALUES("DISTRICT_CITY_CENTER_YIELD_BONUS_HILL_PRODUCTION_REQUIREMENT_SET","REQUIRES_PLOT_HAS_TUNDRA_HILLS");
insert into RequirementSetRequirements VALUES("DISTRICT_CITY_CENTER_YIELD_BONUS_HILL_PRODUCTION_REQUIREMENT_SET","REQUIRES_PLOT_HAS_SNOW_HILLS");
insert into RequirementSetRequirements VALUES("DISTRICT_CITY_CENTER_YIELD_BONUS_HILL_PRODUCTION_REQUIREMENT_SET","REQUIRES_PLOT_HAS_PLAINS_HILLS");
insert into RequirementSetRequirements VALUES("DISTRICT_CITY_CENTER_YIELD_BONUS_HILL_PRODUCTION_REQUIREMENT_SET","REQUIRES_PLOT_HAS_DESERT_HILLS");

insert into Requirements VALUES("REQUIRES_PLOT_HAS_GRASS_HILLS","REQUIREMENT_PLOT_TERRAIN_TYPE_MATCHES","0","0","0");
insert into RequirementArguments VALUES("REQUIRES_PLOT_HAS_GRASS_HILLS","TerrainType","ARGTYPE_IDENTITY","TERRAIN_GRASS_HILLS",null);
insert into Requirements VALUES("REQUIRES_PLOT_HAS_SNOW_HILLS","REQUIREMENT_PLOT_TERRAIN_TYPE_MATCHES","0","0","0");
insert into RequirementArguments VALUES("REQUIRES_PLOT_HAS_SNOW_HILLS","TerrainType","ARGTYPE_IDENTITY","TERRAIN_SNOW_HILLS",null);
insert into Requirements VALUES("REQUIRES_PLOT_HAS_PLAINS_HILLS","REQUIREMENT_PLOT_TERRAIN_TYPE_MATCHES","0","0","0");
insert into RequirementArguments VALUES("REQUIRES_PLOT_HAS_PLAINS_HILLS","TerrainType","ARGTYPE_IDENTITY","TERRAIN_PLAINS_HILLS",null);


-- Science on jungle
insert into DistrictModifiers  Values ("DISTRICT_CITY_CENTER",  "DISTRICT_CITY_CENTER_YIELD_BONUS_JUNGLE_SCIENCE");

insert into Modifiers VALUES("DISTRICT_CITY_CENTER_YIELD_BONUS_JUNGLE_SCIENCE",	"MODIFIER_PLAYER_DISTRICT_ADJUST_YIELD_CHANGE",	0	,0,	NULL, 'PLOT_HAS_JUNGLE_REQUIREMENTS');
insert into ModifierArguments VALUES("DISTRICT_CITY_CENTER_YIELD_BONUS_JUNGLE_SCIENCE", "YieldType", "ARGTYPE_IDENTITY", "YIELD_SCIENCE", null);
insert into ModifierArguments VALUES("DISTRICT_CITY_CENTER_YIELD_BONUS_JUNGLE_SCIENCE", "Amount", "ARGTYPE_IDENTITY", 2, null);


-- Faith on desert
insert into DistrictModifiers  Values ("DISTRICT_CITY_CENTER",  "DISTRICT_CITY_CENTER_YIELD_BONUS_DESERT_FAITH");

insert into Modifiers VALUES("DISTRICT_CITY_CENTER_YIELD_BONUS_DESERT_FAITH",	"MODIFIER_PLAYER_DISTRICT_ADJUST_YIELD_CHANGE",	0	,0,	NULL, 'DISTRICT_CITY_CENTER_YIELD_BONUS_DESERT_FAITH_REQUIREMENT_SET');
insert into ModifierArguments VALUES("DISTRICT_CITY_CENTER_YIELD_BONUS_DESERT_FAITH", "YieldType", "ARGTYPE_IDENTITY", "YIELD_FAITH", null);
insert into ModifierArguments VALUES("DISTRICT_CITY_CENTER_YIELD_BONUS_DESERT_FAITH", "Amount", "ARGTYPE_IDENTITY", 3, null);

insert into RequirementSets VALUES("DISTRICT_CITY_CENTER_YIELD_BONUS_DESERT_FAITH_REQUIREMENT_SET","REQUIREMENTSET_TEST_ANY");
insert into RequirementSetRequirements VALUES("DISTRICT_CITY_CENTER_YIELD_BONUS_DESERT_FAITH_REQUIREMENT_SET","REQUIRES_PLOT_HAS_DESERT");
insert into RequirementSetRequirements VALUES("DISTRICT_CITY_CENTER_YIELD_BONUS_DESERT_FAITH_REQUIREMENT_SET","REQUIRES_PLOT_HAS_DESERT_HILLS");


-- Production on tundra
insert into DistrictModifiers  Values ("DISTRICT_CITY_CENTER",  "DISTRICT_CITY_CENTER_YIELD_BONUS_TUNDRA_PRODUCTION");

insert into Modifiers VALUES("DISTRICT_CITY_CENTER_YIELD_BONUS_TUNDRA_PRODUCTION",	"MODIFIER_PLAYER_DISTRICT_ADJUST_YIELD_CHANGE",	0	,0,	NULL, 'PLOT_HAS_TUNDRA_REQUIREMENTS');
insert into ModifierArguments VALUES("DISTRICT_CITY_CENTER_YIELD_BONUS_TUNDRA_PRODUCTION", "YieldType", "ARGTYPE_IDENTITY", "YIELD_PRODUCTION", null);
insert into ModifierArguments VALUES("DISTRICT_CITY_CENTER_YIELD_BONUS_TUNDRA_PRODUCTION", "Amount", "ARGTYPE_IDENTITY", 1, null);


-- Food on plains next to river
insert into DistrictModifiers  Values ("DISTRICT_CITY_CENTER",  "DISTRICT_CITY_CENTER_YIELD_BONUS_PLAINS_RIVER_FOOD");

insert into Modifiers VALUES("DISTRICT_CITY_CENTER_YIELD_BONUS_PLAINS_RIVER_FOOD",	"MODIFIER_PLAYER_DISTRICT_ADJUST_YIELD_CHANGE",	0	,0,	NULL, 'DISTRICT_CITY_CENTER_YIELD_BONUS_PLAINS_RIVER_FOOD_REQUIREMENT_SET');
insert into ModifierArguments VALUES("DISTRICT_CITY_CENTER_YIELD_BONUS_PLAINS_RIVER_FOOD", "YieldType", "ARGTYPE_IDENTITY", "YIELD_FOOD", null);
insert into ModifierArguments VALUES("DISTRICT_CITY_CENTER_YIELD_BONUS_PLAINS_RIVER_FOOD", "Amount", "ARGTYPE_IDENTITY", 1, null);

insert into RequirementSets VALUES("DISTRICT_CITY_CENTER_YIELD_BONUS_PLAINS_RIVER_FOOD_REQUIREMENT_SET","REQUIREMENTSET_TEST_ALL");
insert into RequirementSetRequirements VALUES("DISTRICT_CITY_CENTER_YIELD_BONUS_PLAINS_RIVER_FOOD_REQUIREMENT_SET","REQUIRES_PLOT_HAS_PLAINS");
insert into RequirementSetRequirements VALUES("DISTRICT_CITY_CENTER_YIELD_BONUS_PLAINS_RIVER_FOOD_REQUIREMENT_SET","REQUIRES_PLOT_ADJACENT_TO_RIVER");


-- -- Food on certain resources
-- insert into DistrictModifiers  Values ("DISTRICT_CITY_CENTER",  "DISTRICT_CITY_CENTER_YIELD_BONUS_RESOURCE_FOOD");
--
-- insert into Modifiers VALUES("DISTRICT_CITY_CENTER_YIELD_BONUS_RESOURCE_FOOD",	"MODIFIER_PLAYER_DISTRICT_ADJUST_YIELD_CHANGE",	0	,0,	NULL, 'DISTRICT_CITY_CENTER_YIELD_BONUS_PLAINS_RIVER_FOOD_REQUIREMENT_SET');
-- insert into ModifierArguments VALUES("DISTRICT_CITY_CENTER_YIELD_BONUS_RESOURCE_FOOD", "YieldType", "ARGTYPE_IDENTITY", "YIELD_FOOD", null);
-- insert into ModifierArguments VALUES("DISTRICT_CITY_CENTER_YIELD_BONUS_RESOURCE_FOOD", "Amount", "ARGTYPE_IDENTITY", 1, null);
--
-- insert into RequirementSets VALUES("DISTRICT_CITY_CENTER_YIELD_BONUS_PLAINS_RIVER_FOOD_REQUIREMENT_SET","REQUIREMENTSET_TEST_ALL");
-- insert into RequirementSetRequirements VALUES("DISTRICT_CITY_CENTER_YIELD_BONUS_PLAINS_RIVER_FOOD_REQUIREMENT_SET","REQUIRES_PLOT_HAS_PLAINS");
-- insert into RequirementSetRequirements VALUES("DISTRICT_CITY_CENTER_YIELD_BONUS_PLAINS_RIVER_FOOD_REQUIREMENT_SET","REQUIRES_PLOT_ADJACENT_TO_RIVER");
--
--   "REQUIRES_DEER_IN_PLOT"	"ResourceType"	"ARGTYPE_IDENTITY"	"RESOURCE_DEER"
--   "RESOURCE_ALUMINUM"
--   "RESOURCE_ANTIQUITY_SITE"
--   "RESOURCE_BANANAS"
--   "RESOURCE_CATTLE"
--   "RESOURCE_CINNAMON"
--   "RESOURCE_CITRUS"
--   "RESOURCE_CLOVES"
--   "RESOURCE_COAL"
--   "RESOURCE_COCOA"
--   "RESOURCE_COFFEE"
--   "RESOURCE_COPPER"
--   "RESOURCE_COSMETICS"
--   "RESOURCE_COTTON"
--   "RESOURCE_CRABS"
--   "RESOURCE_DEER"
--   "RESOURCE_DIAMONDS"
--   "RESOURCE_DYES"
--   "RESOURCE_FISH"
--   "RESOURCE_FURS"
--   "RESOURCE_GYPSUM"
--   "RESOURCE_HORSES"
--   "RESOURCE_INCENSE"
--   "RESOURCE_IRON"
--   "RESOURCE_IVORY"
--   "RESOURCE_JADE"
--   "RESOURCE_JEANS"
--   "RESOURCE_MARBLE"
--   "RESOURCE_MERCURY"
--   "RESOURCE_NITER"
--   "RESOURCE_OIL"
--   "RESOURCE_PEARLS"
--   "RESOURCE_PERFUME"
--   "RESOURCE_RICE"
--   "RESOURCE_SALT"
--   "RESOURCE_SHEEP"
--   "RESOURCE_SHIPWRECK"
--   "RESOURCE_SILK"
--   "RESOURCE_SILVER"
--   "RESOURCE_SPICES"
--   "RESOURCE_STONE"
--   "RESOURCE_SUGAR"
--   "RESOURCE_TEA"
--   "RESOURCE_TOBACCO"
--   "RESOURCE_TOYS"
--   "RESOURCE_TRUFFLES"
--   "RESOURCE_URANIUM"
--   "RESOURCE_WHALES"
--   "RESOURCE_WHEAT"
--   "RESOURCE_WINE"
